,Song,Play_Count
0,SOAKIMP12A8C130995,1
1,SOAPDEY12A81C210A9,1
2,SOBBMDR12A8C13253B,2
3,SOBFNSP12AF72A0E22,1
4,SOBFOVM12A58A7D494,1
5,SOBNZDC12A6D4FC103,1
6,SOBSUJE12A6D4F8CF5,2
7,SODDNQT12A6D4F5F7E,5
8,SOFTKSZ12A6D4F5DC5,1
9,SOHQIAG12A8C136F64,1
10,SOHQWYZ12A6D4FA701,1
11,SOHQZCA12A6D4FB317,1
12,SOIAOBY12A8C13BF75,1
13,SOIQOQT12A8C136F96,1
14,SOISWBZ12A8C13C0F7,1
15,SOIYTOA12A6D4F9A23,1
16,SOIZAZL12A6701C53B,5
17,SOJNNUA12A8AE48C7A,1
18,SOJPFQG12A58A7833A,1
19,SOJTEDZ12A58A7CB3D,1
20,SOKRIMP12A6D4F5DA3,5
21,SOKSIKA12A6D4F5DC7,1
22,SOKUZGZ12A8C136F88,1
23,SOLFJVY12A6D4F9DCA,1
24,SOLGNOE12A8C139CA9,1
25,SOLLGNU12AF72A4D4F,1
26,SOLUHPJ12A8C13AB0F,1
27,SOLXHAI12A6D4FD6F3,1
28,SOMGIYR12AB0187973,6
29,SOMLMKI12A81C204BC,1
30,SOMSQJY12A8C138539,1
31,SOMZWUW12A8C1400BC,6
32,SONKSNV12A58A7F654,2
33,SONRXOY12AB0181E84,1
34,SONSAEZ12A8C138D7A,1
35,SONVJAW12A8C139EFB,1
36,SONYTAN12A8C13BF88,1
37,SOOCURD12A81C21C23,5
38,SOOGGEX12A58A7DACF,1
39,SOOKGRB12A8C13CD66,1
40,SOOSIVQ12A6D4F8AE0,1
41,SOPBCSY12A6D4F5DC4,1
42,SOPCVQE12AC468AF36,1
43,SOPZAUC12A58A7DB24,1
44,SOQDBOA12A8C13E5E6,1
45,SOQEMEN12A8C13BF8B,1
46,SOQIVUD12AB01821D2,1
47,SOQJLDY12AAF3B456D,1
48,SOQLCKR12A81C22440,1
49,SOQMUDW12A58A7AF03,1
50,SORDDVI12A8C136F53,1
51,SORJNVW12A8C13BF90,1
52,SORPMYJ12AF729EB90,1
53,SORQHCG12A58A7EEBA,1
54,SORSAJY12A6D4F7457,1
55,SORUFVF12AB018230B,1
56,SORWLTW12A670208FA,4
57,SORZASF12A6D4F8CFA,2
58,SOSYBEV12AB0182933,1
59,SOTCPHF12A8C13BF9B,1
60,SOTFATN12A6D4FA74D,2
61,SOTGVEX12A8C136F82,1
62,SOTHMIK12A8C136FA1,1
63,SOTLVCL12AB0182D22,1
64,SOTRSFZ12A8C142BF6,1
65,SOUHNSN12A8C13C1A4,2
66,SOUKXIN12A8C133C7F,1
67,SOUQUBU12AF72A47B3,1
68,SOVAJXX12A8AE47D5C,1
69,SOVHRGF12A8C13852F,1
70,SOVQEYZ12A8C1379D8,1
71,SOVYIYI12A8C138D88,1
72,SOVZRXZ12A58A77A88,1
73,SOWEZSI12A81C21CE6,1
74,SOWMHHL12A8C14178E,1
75,SOWNDCE12A6D4FB304,1
76,SOWQLXP12AF72A08A2,1
77,SOWSPUS12AC468BEE3,1
78,SOXMIUS12A8C13CD59,1
79,SOXRXDG12A8C131DE5,1
80,SOXSPON12A6D4F5DC2,1
81,SOXZQDE12A8C135833,2
82,SOYHEPA12A8C13097F,8
83,SOYYWMD12A58A7BCC9,1
84,SOZGCUB12A8C133997,1
85,SOZOBWN12A8C130999,1
86,SOZZHXI12A8C13BF7D,1
87,SOACWYB12AF729E581,2
88,SOAUSXX12A8C136188,1
89,SOBVAHM12A8C13C4CB,1
90,SODJTHN12AF72A8FCD,2
91,SOELXOV12A8C13616B,2
92,SOGGLLR12A8C13C471,2
93,SOHANDU12A8C13C47F,1
94,SOIDFHN12A8C13ABAC,2
95,SOJONCB12A8C13B8F5,3
96,SOJQTIA12AF729F6BF,2
97,SOKLBHE12A8C13B8FA,2
98,SOLEBXE12B0B8062D3,2
99,SOOSOJV12A8C13B8F2,1
100,SOQWKES12A8C136184,1
101,SORKSWV12AF72A4DD7,1
102,SORNOFK12AF72A0F50,1
103,SOTVFEF12AF729E6CE,3
104,SOTXQVF12A8C13ABBA,2
105,SOUOAUF12A58A7EC58,2
106,SOUSQUG12A8C13616F,2
107,SOXRCLC12A8C136166,3
108,SOBDRND12A8C13FD08,1
109,SOCHBAJ12AAF3B3A4F,1
110,SOCZTMT12AF72A078E,1
111,SOHRQZQ12A6D4F81D2,1
112,SOJGMYY12AB01809BE,2
113,SOPTASI12AB0183185,15
114,SOQFEDG12AB018DD24,1
115,SOSOREL12AB01831EA,13
116,SOVRZIX12AAF3B2A32,1
117,SOWBXWN12AB01837CF,13
118,SOZMJFG12AB017BDAF,1
119,SOAFPAX12AB0187A17,6
120,SOEBOAR12A6D4FD136,1
121,SOFRDND12A58A7D6C5,5
122,SOJCGJJ12A8AE48B5D,5
123,SOJQOIK12AF72A0AAF,5
124,SOLCKXH12A58A79553,5
125,SOQTRKE12A6701C596,11
126,SORXCYP12A6D4F96F6,5
127,SOTUZXK12AB017BC50,5
128,SOUHQXW12A8C13CAB5,5
129,SOULCVQ12A8AE474FC,5
130,SOVHVBJ12A58A7AB0A,24
131,SOVVNSS12A58291F72,15
132,SOABRAB12A6D4F7AAF,2
133,SOAOQFD12A6D4FAAA9,1
134,SOBFPJC12A58A7D1AB,9
135,SOBZZDU12A6310D8A3,9
136,SOCFPEA12A6701CD37,1
137,SOCFYDV12A8C1406E2,1
138,SODCNJX12A6D4F93CB,2
139,SOERVXG12A6D4F5583,1
140,SOFXZAW12A67ADC90E,1
141,SOGFUFC12A8C13F1E5,6
142,SOHFHEP12A8C135C0E,10
143,SOKDLBH12AB01892F0,8
144,SOLVRLL12A67020D7F,2
145,SONGLDE12A8C130A59,1
146,SONQEYS12AF72AABC9,1
147,SONZWDK12A6701F62B,16
148,SOOCUXJ12A6D4F6FB7,1
149,SOPKPFW12A6D4F84BC,1
150,SOPXRQT12A6701EAC9,9
151,SOQBMFK12A8C13835B,1
152,SORFXUY12A6D4F96F4,2
153,SORPHNV12A6701CD63,1
154,SOSKTXE12A8C1384B0,1
155,SOUFPNI12A8C142D19,11
156,SOUIBQV12AF729E50D,1
157,SOXHIDK12A58A7CFB3,10
158,SOXHIRU12A8C14056E,1
159,SOXIIIM12A6D4F66C8,5
160,SOXXOMK12A679AE582,1
161,SOYNLAI12A58A7F409,1
162,SOZJCWK12A6D4F816A,1
163,SOZRBOZ12A58A7AD7E,1
164,SOZWVEH12A6D4F7C37,1
165,SODCXXY12AB0187452,2
166,SODGVGW12AC9075A8D,15
167,SOEBNJI12AB0187464,4
168,SOEPZQS12A8C1436C7,19
169,SOGDDKR12A6701E8FA,6
170,SOGEKGR12A6D4F81E8,4
171,SOJNQZO12AF72AAE32,2
172,SOKOXWU12AF72AD1BC,11
173,SOMNTMT12A8C1400F6,1
174,SORQQYZ12AB0187456,3
175,SOUSQCN12A8C133302,3
176,SOVEUVC12A6310EAF1,5
177,SOVIHUJ12AB018745D,3
178,SOWEHOM12A6BD4E09E,1
179,SOWGXOP12A6701E93A,11
180,SOWPAXV12A67ADA046,18
181,SOXGQEM12AB0181D35,12
182,SOAUWYT12A81C206F1,25
183,SOAXGDH12A8C13F8A1,13
184,SOBFMHC12A6D4F9401,4
185,SOBONKR12A58A7A7E0,36
186,SOBTRCD12A6701E976,2
187,SODEOCO12A6701E922,2
188,SODJWHY12A8C142CCE,16
189,SOEGIYH12A6D4FC0E3,4
190,SOEKGDE12AB0182795,4
191,SOFRQTD12A81C233C0,15
192,SOGYNZW12A8C1388A4,5
193,SOIICEQ12A6D4F7FE0,1
194,SOIRRMU12A6D4FB0C0,2
195,SOJFYRR12AB017BF2A,1
196,SOJWVKE12A6D4F3392,2
197,SOLFXKT12AB017E3E0,15
198,SONYKOW12AB01849C9,29
199,SOPOGMQ12AF72AC35F,2
200,SORJMZL12A8C13AC49,1
201,SORMKFZ12A6D4F9395,9
202,SOSXLTC12AF72A7F54,15
203,SOTWNDJ12A8C143984,17
204,SOUSMXX12AB0185C24,10
205,SOUVTSM12AC468F6A7,6
206,SOVDSJC12A58A7A271,1
207,SOVVENS12A8C144DB5,3
208,SOWCKVR12A8C142411,14
209,SOWUVFQ12AB018740E,11
210,SOAUBGU12A6701C57A,4
211,SOCLQES12A58A7BB1D,4
212,SOCVTLJ12A6310F0FD,12
213,SOEWTBE12A58A7E7C2,4
214,SOICNON12A8C140437,6
215,SOKLRPJ12A8C13C3FE,13
216,SOMRYYN12A6310F0F3,4
217,SOOWPBJ12A8C137FB4,4
218,SOPXKYD12A6D4FA876,11
219,SOUKJBT12A6701C4D6,5
220,SOZBZFF12A6310F12D,4
221,SOAUUDU12A6D4F9142,5
222,SOBUJFP12A8C135A9A,1
223,SODGSFW12A8C1337FB,4
224,SOGVSBV12AB0187440,2
225,SOIKDCZ12A67ADD8DB,6
226,SOIYHAZ12A6D4F6D30,7
227,SOLRGVL12A8C143BC3,6
228,SOOTIZW12A8C13E0E6,6
229,SOOVMTP12A8C1465B1,2
230,SORTVII12AF72A23A6,2
231,SOTXRZC12AB018165A,2
232,SOVFDZD12A6D4F8EAE,16
233,SOXBXBI12A8C13C71C,5
234,SOZAUIY12AB017B6A0,2
235,SOAFTRR12AF72A8D4D,8
236,SOALEQA12A58A77839,1
237,SOANCEH12AB0184773,3
238,SOAQZXK12A6701D993,1
239,SOASIWE12A6701D990,1
240,SOASVIB12A8C139435,1
241,SOATNYF12AF72A8D48,4
242,SOBDKVR12A8C13E705,1
243,SOBDMNP12AF72AB1E1,4
244,SOBDWET12A6701F114,2
245,SOBIQWH12A8C13BCDE,1
246,SOBJIZY12A6701F11A,6
247,SOBKWUG12A58A7CE74,1
248,SOCBRSN12AAF3B30A6,2
249,SOCGPAT12AC3DF8399,2
250,SOCSISN12AF72AB1DE,2
251,SOCYIFZ12AF729C0A3,2
252,SODAQMD12A8C131D57,1
253,SODMASJ12AF729E6FA,2
254,SOEMYLD12AB017F4DD,3
255,SOENTGU12A8C132E0F,1
256,SOEWJXN12A58A7A53A,1
257,SOEWYLX12A6D4F8E5F,3
258,SOFNCRW12A6D4F727B,2
259,SOFWANS12AF72A12E6,1
260,SOFXYLJ12A6310D8BC,1
261,SOGEVAT12A67020DD0,1
262,SOGIYND12AB017B10E,1
263,SOGKSLA12AB017F82F,1
264,SOGQTAC12A6D4FA26B,3
265,SOGTMYT12A6D4F98D9,1
266,SOHCLPF12AB017FD26,5
267,SOHDSVJ12A6D4F93FF,4
268,SOHFDJF12A8C136368,1
269,SOHGTIR12A6D4F7162,1
270,SOHHZAZ12A58A7990B,1
271,SOHTBKO12A58A75570,1
272,SOHZUAA12A6701F116,1
273,SOIDSDT12A6D4F98DB,1
274,SOIJLDG12A8C135B96,1
275,SOIMCDE12A6D4F8383,3
276,SOJNPGW12AB018896E,3
277,SOJNURN12AF72A3EF3,2
278,SOKIKWC12A6D4F98D8,1
279,SOKJQGO12AF72ACA9F,1
280,SOKQMNB12A6D4F74FD,1
281,SOLCGMX12AB0185163,1
282,SOLJSEJ12A8C132F61,1
283,SOLQYOG12B0B80BA71,4
284,SOLRFKH12AF72A5CF6,1
285,SOLXDDC12A6701FBFD,4
286,SOMGVYU12A8C1314FF,1
287,SOMNXML12A6D4F8386,3
288,SOMQFYE12A8C138F05,1
289,SONJBQX12A6D4F8382,4
290,SONKFWL12A6D4F93FE,2
291,SONQBUB12A6D4F8ED0,3
292,SONSEBX12AF72AA3ED,1
293,SONSOPT12A6D4F9405,3
294,SONYVIX12A6D4F7161,1
295,SONZUTP12AF72AACC9,3
296,SOOBNUD12A6701F2F8,1
297,SOOSADY12A6701F119,1
298,SOOVMCV12A6D4F7167,1
299,SOPLAHV12A8C13D110,8
300,SOPTJQJ12A58A7DA70,1
301,SOQPCVN12AF729FB85,4
302,SOQQRQZ12A8C1384DE,1
303,SOQXKUV12A6D4FB4C9,3
304,SOQXLEC12A8C13BCEC,1
305,SOQXQEM12A6701D9B5,2
306,SORNIJC12A8C1384CD,1
307,SOSAGHZ12A8C135BB8,1
308,SOSJTOL12A6D4FB4CD,3
309,SOSMJJQ12A6D4F715D,1
310,SOSOXJK12A8AE47120,2
311,SOSSZCB12A8C1384EF,1
312,SOTHRRH12A8C13DCBA,7
313,SOTIEEP12A6701C779,4
314,SOTJQZN12AF72AA288,4
315,SOTQOTB12A8C13E651,3
316,SOTSVKB12A8C139EF0,2
317,SOUBKFT12A6701F07A,1
318,SOUGAYN12A6D4F6E90,1
319,SOUGCDK12AC95F075F,2
320,SOUZRCP12AB0182164,1
321,SOVLCEQ12A6D4F74FF,1
322,SOVLJHG12A81C21AA0,2
323,SOVMCAR12AF72A1268,1
324,SOVPBLT12A6D4F5113,2
325,SOVRQIK12A6701F118,3
326,SOVTXNV12A8C13FBD4,1
327,SOWEBRA12A6701F115,4
328,SOWIKKV12AB017E9D6,1
329,SOWSWTD12A67ADA3D7,1
330,SOWUTFF12A8C138AB2,2
331,SOXFTSF12A6D4F7278,4
332,SOXGQCN12A8C1384FA,1
333,SOXSDRE12A6D4F8B3A,1
334,SOXXRRG12A8C135B8E,2
335,SOYLOZN12AB017CBA0,1
336,SOYSWHI12AAA8C5BFD,1
337,SOYUOVK12AB0185549,1
338,SOZJPFX12A6D4F7280,2
339,SOZMNAX12A58A77F88,5
340,SOZPQES12A6D4F8E57,4
341,SOAARXR12A8C133D15,1
342,SOACPBY12A8C13FEF9,2
343,SOAKHOF12A8C13C72A,2
344,SOAVIJW12AB018269B,1
345,SOBALYV12A6D4F89BD,1
346,SOBDVAK12AC90759A2,1
347,SOBGMYK12A6D4F6730,1
348,SOBIMTY12A6D4F931F,1
349,SOBKRVG12A8C133269,1
350,SOBUBLL12A58A795A8,6
351,SOBVKFF12A8C137A79,2
352,SOCBMXC12AB01853E6,2
353,SOCHAXM12AB01876F8,1
354,SOCJQTG12AC9097645,1
355,SOCMEJM12AF72A48D0,1
356,SOCQWTI12AB017EAAC,5
357,SOCREPA12A67ADD15E,5
358,SOCRMJF12A81C22362,2
359,SODHHEG12A58A779FB,2
360,SODLRPF12AC909761A,1
361,SODOZXB12A8C13CD55,1
362,SODUANR12A6D4F5036,1
363,SOEBPXF12A8C14295A,1
364,SOEGZHD12A8C13BF3D,2
365,SOELOOM12AB017DB4C,1
366,SOEMAIM12AC90759AC,1
367,SOENVAL12AB0185615,5
368,SOEOJHS12AB017F3DC,2
369,SOEQLJP12AB018FBC5,2
370,SOETRNC12A6D4F8653,1
371,SOEXIHX12AAF3B3A9D,2
372,SOFGAER12A6D4F71A0,1
373,SOFKYDZ12AB017F425,1
374,SOFMFXK12A8C13C658,2
375,SOFPCZP12A8C136B4F,1
376,SOFVHLF12A8C140E48,1
377,SOFWLRF12AB017F405,1
378,SOFXJCS12A58A7DF02,1
379,SOGDPWT12A58A7C132,1
380,SOGDZSB12AB017CC29,1
381,SOGIDSA12A8C142829,1
382,SOGKGXY12A8C134E30,1
383,SOGKHRQ12AF72A4231,1
384,SOGKZXO12A8C13E3EE,1
385,SOGUPIJ12A8C13AEA1,1
386,SOGVQTZ12A6D4FB490,1
387,SOGWKKA12A6702162E,2
388,SOGXXEU12A8C13CF95,1
389,SOHFHTB12A6D4FC69A,1
390,SOHHSYJ12AB017F40A,1
391,SOHJSRO12A8C13D385,1
392,SOHNVHC12A6D4F95AB,1
393,SOHQTKJ12A8AE46A88,5
394,SOHTKMO12AB01843B0,1
395,SOHWXHK12A6701D7B9,1
396,SOHXSEH12A67020A2D,1
397,SOHZQYB12AB0188CF6,2
398,SOIQKPT12A8C140753,5
399,SOIRBTN12A8C13C97B,1
400,SOIUHFO12A67AD954B,1
401,SOIWPAX12AB0181918,1
402,SOIYNJG12AB01810B2,1
403,SOJITNW12A8C13D951,3
404,SOJOZTM12A8C140618,1
405,SOJPFPR12AB018109D,1
406,SOJTZGN12AB017F006,1
407,SOJUVYA12AB01860BA,2
408,SOJVPDY12AF72A1B04,1
409,SOJXYTP12A67ADD1B2,1
410,SOKFNBL12AF72A1A41,1
411,SOKITWQ12A6D4FC8AD,1
412,SOKRACG12A8C1438AC,5
413,SOKUGOT12A58A7CC62,1
414,SOKZTMC12A8AE48549,1
415,SOLCKHH12A8C1415B5,5
416,SOLHEHV12A8C13ECB2,1
417,SOLILBT12A8C1406BF,1
418,SOLQGEO12AC4688B90,1
419,SOMGPML12A8C13AE8C,1
420,SOMQSYG12A6D4FA671,1
421,SOMQURX12AB01886F8,1
422,SOMTKND12AB0188CFF,2
423,SOMUXVE12A6D4F6EAB,1
424,SONDCOR12A8C13BA16,1
425,SONLCTW12A58A7BB70,1
426,SONMBPQ12A6D4F95A3,1
427,SONMERX12AF72A6002,1
428,SONMWXV12AB01803B4,2
429,SONOCEE12AC3DF57CC,1
430,SONSQGU12AF72A2EDA,1
431,SONXCYX12AB0184785,1
432,SOOAVGC12AB01821EC,5
433,SOOPCNF12A58A7DF63,1
434,SOORTEQ12A6D4FA1D0,1
435,SOOXRJG12A8C13773E,1
436,SOPXWLG12A8C13E75D,1
437,SOPZBNV12AB0187D8B,1
438,SOQJXKY12AC3DF57D1,1
439,SOQTNGT12AB0188D2A,2
440,SOQZKFH12AC90719F4,5
441,SORJRHI12A6D4FEF5C,1
442,SORKMJK12AB01853F0,2
443,SORVBEQ12A8C133D6B,5
444,SORYCIK12AB018535E,5
445,SOSJUFA12A58A7AF98,2
446,SOSNESF12A8C143097,1
447,SOSOFGG12AB0186339,2
448,SOSQMCN12AB01820C7,1
449,SOSROSD12A8C13F519,1
450,SOTSRUQ12A81C22359,1
451,SOUDCXP12AB018632D,2
452,SOUNNKZ12A8C13E432,1
453,SOUNZHU12A8AE47481,1
454,SOUOPLF12AB017F40F,2
455,SOUQJHS12AB0180A82,1
456,SOUTLRM12A6D4F5DED,5
457,SOVCHUK12AB017F41F,2
458,SOVGEYY12A58A7D2B6,1
459,SOVPXOH12AB0180112,1
460,SOVRGXP12AB017D2B9,1
461,SOVYNZA12A8C13C378,1
462,SOVZOBS12A67ADAFC6,1
463,SOWAJOJ12A58A7EE55,2
464,SOWVNWB12A8C133171,1
465,SOXJLLK12A8C139E3D,1
466,SOXMMBA12AB0188D3D,2
467,SOXNGDE12AB018C7A4,1
468,SOXOHIL12A58A78C15,2
469,SOXUTCS12A58A80EE5,2
470,SOXWCNG12AB0186354,2
471,SOYCZLK12A6D4FA7B4,2
472,SOYDTIW12A67ADAFC9,2
473,SOYGYFN12A8C137FA9,1
474,SOYJPNY12AB01869CC,1
475,SOYOHMP12A6D4F6244,1
476,SOZISSK12A3F1EAD88,1
477,SOZRLJL12A8C14415F,1
478,SOADQPP12A67020C82,12
479,SOANQFY12AB0183239,6
480,SOAYATB12A6701FD50,1
481,SOBOAFP12A8C131F36,12
482,SOCAHRT12A8C13A1A4,5
483,SODASIJ12A6D4F5D89,1
484,SODEAWL12AB0187032,13
485,SODLLYS12A8C13A96B,8
486,SODLSCE12A6D4FBCAC,1
487,SODUGQV12AF72A6803,1
488,SOEQJBS12A8AE475A4,10
489,SOFRCGW12A81C21EA6,12
490,SOGJQBU12A6D4FA8EC,7
491,SOGTQNI12AB0184A5C,10
492,SOHFGKG12A6701C429,7
493,SOISNSU12AC468C0D8,9
494,SOIWKTZ12A8C13571B,5
495,SOJTLHS12A8C13F633,6
496,SOJZXZE12A6D227167,7
497,SOKUPAO12AB018D576,8
498,SOLECYL12A58A7BF88,2
499,SOLUHHS12A58A81A6B,9
500,SONHLJN12A81C2169B,1
501,SONHWUN12AC468C014,9
502,SONOYIB12A81C1F88C,10
503,SOOJJCT12A6310E1C0,9
504,SOOROCA12AF72A07D1,6
505,SOPCQFN12A6701F955,9
506,SOPIEIJ12A6D4F8F81,2
507,SOPSOHT12A67AE0235,14
508,SOPTLQL12AB018D56F,15
509,SOPWZGK12A67020744,7
510,SOSIZSI12A8AE46305,1
511,SOSTLBB12A8C13E3DB,1
512,SOSZNRJ12A8AE46E38,6
513,SOTFJGS12AB017F577,2
514,SOTTNZU12A6D4FA237,23
515,SOTWSXL12A8C143349,19
516,SOUDLVN12AAFF43658,1
517,SOULTKQ12AB018A183,6
518,SOVAEBJ12A58A7A364,4
519,SOVXBOT12A8C136816,6
520,SOVZHYS12A8C14663F,1
521,SOWNNPR12A6D4FB51B,18
522,SOWWNDT12A8AE49A4C,6
523,SOXBZEQ12A8C14307F,7
524,SOXNZOW12AB017F756,9
525,SOYBWVL12AF72A3DD3,1
526,SOZCBPN12A8C14136F,8
527,SOZNBQP12A6310D8AA,4
528,SOZVCRW12A67ADA0B7,4
529,SOADGFH12A8C143D89,11
530,SOAFOBL12AF72A25BA,12
531,SOAIILB12A58A776F7,3
532,SOAIIYK12A6D4F6666,1
533,SOAJJDS12A8C13A3FB,1
534,SOAJKEM12A8C13E567,2
535,SOAKDHD12A6310F1AE,1
536,SOAMDXO12A8C131E2F,2
537,SOAMPRJ12A8AE45F38,20
538,SOAOBEK12AF72A9021,1
539,SOAOFBI12A8C143E28,1
540,SOAPIHX12AB0184CB1,7
541,SOAQTNT12A6701F957,2
542,SOARBUV12A6310F1B2,1
543,SOAUIZJ12A6D4FC011,1
544,SOAUXEN12A81C23960,11
545,SOAWSML12A6310F1B7,2
546,SOAWXBL12AB01861E6,1
547,SOAXKNC12AF72A4BF8,3
548,SOBDQMB12AB0189045,1
549,SOBGPHU12A8C1424E3,1
550,SOBJBIZ12A8C132861,2
551,SOBMSCQ12AAF3B51B7,2
552,SOBNPLZ12A81C2394C,1
553,SOBOJJB12A58A7D1AD,3
554,SOBTNNG12AF72A73E8,2
555,SOBWWDF12AF72A4828,1
556,SOBZCTQ12AB0183220,4
557,SOBZETO12AB018C7FE,3
558,SOCAFDI12A8C13D10E,4
559,SOCAQPK12AB018AA3F,1
560,SOCBNIS12AF72AB9D3,2
561,SOCEWVG12A8C13DCC2,1
562,SOCFPSZ12A6D4FCA89,15
563,SOCHPFL12AF72A3F64,2
564,SOCJCVE12A8C13CDDB,11
565,SOCJHXN12AB0188C8B,2
566,SOCJTTL12A8C14009F,1
567,SOCKYCG12A58A78E37,2
568,SOCNCFO12A8C13971C,1
569,SOCOVEJ12A6D4FC90E,2
570,SOCPVMY12AF72AA178,3
571,SOCQOKM12AB018C7F8,4
572,SOCQQSU12AB0185BF4,1
573,SOCSHHV12A8AE45F45,5
574,SOCSZDA12A6D4F6663,1
575,SOCXGVX12A67AD85A1,1
576,SODACQU12A67AE0C88,1
577,SODBCUG12A67AE0927,9
578,SODBMSF12A8C135DFD,2
579,SODEAJC12A58A7769F,2
580,SODEYDM12A58A77072,6
581,SODIMDE12A6D4F6D41,1
582,SODLVZS12A8C131B2D,3
583,SODOWQF12A81C2371B,3
584,SODPSYG12A8C145EBF,1
585,SODQKXS12A8C135DF7,2
586,SODRLEQ12A6701F953,1
587,SODSESK12A81C2178C,5
588,SODTJFU12B0B80C9BE,11
589,SODWVWI12A81C21791,4
590,SODXNRQ12A8151B860,1
591,SODZLWJ12AF729FB85,6
592,SOEAVMU12AB017E234,1
593,SOEBCBI12AF72A154F,5
594,SOEBJYS12A8C13E0AD,1
595,SOECUDG12A8C13337F,3
596,SOEDBAO12A8AE476FE,1
597,SOEDGBE12A670211D3,2
598,SOEGAZP12A8BED7496,1
599,SOEHMKZ12A58A7DF45,3
600,SOEHZQB12A6702016D,3
601,SOELGCG12AB0188C92,1
602,SOEPHAK12A8C1383D5,1
603,SOEQKNF12A8C13C0B9,2
604,SOESGCP12A58A7AF7B,7
605,SOESJHB12A8C13F5A5,1
606,SOETHKN12AF72A65A6,6
607,SOETSTN12A81C219A9,3
608,SOEUTXF12A6D4FC6F8,4
609,SOEWATI12A8C13D029,1
610,SOEWWIU12A8C141309,5
611,SOEXEMS12AB0186160,1
612,SOEYDSK12A6D4FC6CE,6
613,SOEYKXB12A8C1346BC,1
614,SOFBOXR12A6310F0FC,2
615,SOFCQQC12A8C135E0C,1
616,SOFFGTH12A67AE0925,17
617,SOFGTCQ12AB01812C8,2
618,SOFJMYJ12A6D4F8E59,1
619,SOFKTPP12A8C1385CA,1
620,SOFPZCI12A58A7CF79,2
621,SOFSPAT12A8C145F53,1
622,SOFTTSD12A81C219CC,5
623,SOFWUWJ12A6D4F991E,1
624,SOFYSDB12A8C131AF6,3
625,SOGCBQL12A67ADE302,1
626,SOGEAVL12A8C13F578,1
627,SOGECRB12AB018C9AB,1
628,SOGERWW12AB01858A2,1
629,SOGFQWV12A8C135DF1,4
630,SOGIEOU12A8C134815,1
631,SOGJPMB12A8C13A9DB,1
632,SOGKTON12A6D4FC6E3,2
633,SOGLBQA12A6701E7AF,4
634,SOGOMCI12AB0188C6C,2
635,SOGPMUO12A6D4F6D31,8
636,SOGQUQG12A8C143005,1
637,SOGUBKQ12A8C135DEC,6
638,SOGVWGI12A8C13B9D1,1
639,SOGXGKK12AB0184CD6,12
640,SOGZHXG12AF72A0EE8,4
641,SOGZQHS12A8C137A12,1
642,SOHAHTQ12AB017AA32,8
643,SOHBJHX12AF72A79F1,2
644,SOHBURV12A8C13B628,1
645,SOHFLHO12A8C135E05,2
646,SOHIDCT12AB018C98E,1
647,SOHLOTX12A6701FF2D,2
648,SOHOTAA12A8AE45F43,11
649,SOHVWPV12A8C135C5B,1
650,SOHWBGO12A6D4FA87A,2
651,SOHWFUW12A8C13ECCA,2
652,SOHXQWR12AF72AB9CD,1
653,SOHYWRK12A8C13D117,10
654,SOIEBOJ12A8C1379FC,1
655,SOIFAGN12A6D4F7B29,13
656,SOIJPQV12A6701F959,5
657,SOIJTAV12AB01825CA,6
658,SOIKTRP12A81C219C9,2
659,SOIMREX12A6D4F99FE,3
660,SOIOBLC12AF72A3A7C,1
661,SOIPFNK12A8C139007,2
662,SOIQUSV12A8C13A402,1
663,SOIVBNO12A58A75411,1
664,SOIVKUR12A6310F0FF,1
665,SOIWBJU12A6701CBE7,3
666,SOIYMFH12A8C14059B,1
667,SOIZRER12A8C137A26,1
668,SOJAAYY12A8C13E631,2
669,SOJBIJK12A8C137500,1
670,SOJDPNR12A8C13C7AE,1
671,SOJEMSC12A6D4F81A6,8
672,SOJERWB12A8C13E654,4
673,SOJHCOH12A8AE45F4F,11
674,SOJHKGH12A58A804C8,6
675,SOJHVZZ12A58A75BBE,8
676,SOJIAHH12A6D4F6D47,1
677,SOJKAWG12A81C21781,6
678,SOJLAES12AAF3B4907,1
679,SOJTIXE12AB018C99E,1
680,SOJTQNM12A6D4FBE17,1
681,SOJUBSU12AF729FEC1,1
682,SOJVCYN12A8C138A1F,1
683,SOJWDVX12A8C144C92,1
684,SOJWEGU12AB0183F20,1
685,SOJXCUO12AB0180F5C,1
686,SOJZOFG12A8C137BAE,1
687,SOKEMEF12A6D4F9403,1
688,SOKHHVK12A8AE48182,1
689,SOKPECC12A8C144E4A,1
690,SOKRDBG12A81C2179B,6
691,SOKTJMZ12AB018C9A0,1
692,SOKTJXL12A8C13C90B,7
693,SOKUMNA12A8C131B4B,1
694,SOKVSAH12A8C133C6D,1
695,SOKVTGU12A6701E7B1,2
696,SOKVYTI12A8C13B5DC,4
697,SOKYBEO12A81C23957,2
698,SOKYRPO12A8C135E20,2
699,SOKYVWL12A67AE0922,18
700,SOKZVPM12A8C135A81,1
701,SOLARJV12AB018306B,12
702,SOLAUOW12A8C13A400,1
703,SOLGIFI12A8C135DE3,1
704,SOLGWFD12B0B807B28,2
705,SOLJHUB12A58A78151,3
706,SOLJWIQ12A6D4FA875,2
707,SOLLDVS12AB0183835,1
708,SOLNMFP12A8C13B616,2
709,SOLPDGD12A6701F951,3
710,SOLQRCE12A6D4F8381,2
711,SOLSCUX12A8C13D10B,3
712,SOLSKNG12A8C13EFA9,1
713,SOLSKZK12A58A7DB2D,1
714,SOLUYBW12AB01852D4,2
715,SOLVCOL12A8C13B9EB,1
716,SOLVHIW12A8C13BA03,1
717,SOLVMWL12AAF3B537C,1
718,SOLVMXY12A8C131E36,1
719,SOLWNAA12A8C13B605,2
720,SOLWRQM12AB0184C86,5
721,SOMBCVG12A8C13A261,1
722,SOMBLEA12AF729ECE2,1
723,SOMCHHT12A8C13B9F2,1
724,SOMFVZQ12A81C219E4,1
725,SOMHMQW12A8C14098B,1
726,SOMJFPG12A58A7DD95,2
727,SOMLQYU12A6D4F858F,2
728,SOMMONH12A6D4F41CD,5
729,SOMNABG12AB018C811,4
730,SOMPOYU12A8C131B00,2
731,SOMQDVC12A6D4FBE03,1
732,SOMRTUH12AB0185650,1
733,SOMRWUD12A6D4FB4C4,1
734,SOMSNCG12A8AE475A7,1
735,SOMTTXF12A8C1428A9,6
736,SOMUCFP12A6701F28E,1
737,SOMUNVU12A6D4FB0E0,1
738,SOMVMVF12AB018C9A6,1
739,SOMVPBQ12A58A7835F,1
740,SOMVTRL12A67AE0921,28
741,SOMXLAN12AB0184EBB,2
742,SOMZVGZ12A8C140EFF,3
743,SONETOU12A58A7D903,1
744,SONEWOI12AAF3B3602,9
745,SONEYTB12AF72A73F0,5
746,SONEYYW12AF72A2AA6,3
747,SONGIXY12A58A7BB42,2
748,SONIMNU12B0B8092AB,11
749,SONJNEQ12A6D4F9EB6,3
750,SONMKLO12AB017B593,5
751,SONQSBF12AF72ABB86,5
752,SONREBX12A8C142DBA,1
753,SONTNHB12A8C1391D6,3
754,SONVRTN12A8C1385C2,2
755,SONZLSS12AAF3B4917,1
756,SONZSVJ12A67AE0924,17
757,SONZVCU12A6D4F9165,2
758,SOOBPWM12A8C13973E,1
759,SOOCICG12A8AE49309,1
760,SOOCVAY12A6D4F8385,2
761,SOODXFF12A8C13A21C,1
762,SOOHDXT12AB0181797,1
763,SOOIMYS12A8C135E18,1
764,SOOLUNQ12AB01861C8,1
765,SOONKAK12A8C140357,1
766,SOOPRQI12A8C135DF9,2
767,SOOQZMA12A6D4F9922,4
768,SOOSJIV12AF729E09E,10
769,SOOVFYS12A81C23135,2
770,SOOZPLQ12A6701D220,2
771,SOPAETP12A8C131E3B,2
772,SOPBXPQ12AB01887E2,1
773,SOPEGMI12AF72AA77F,6
774,SOPJJFS12A8C131AE6,2
775,SOPJULC12A6D4F667F,1
776,SOPMDSY12AF72A0C6F,1
777,SOPOCCO12A58A7ADED,4
778,SOPODKB12AB01820CC,1
779,SOPOFBW12AB0187196,1
780,SOPPHBW12AB018C800,4
781,SOPPPWN12A8C135DCD,5
782,SOPQGWI12A8C135DDB,2
783,SOPQQNK12A8C13BF46,1
784,SOPRATO12A8C132851,3
785,SOPRHFU12A8C13A256,2
786,SOPRVKW12A6D4FD57B,4
787,SOPTLTT12A58A7938D,1
788,SOPUUQJ12AF72A5748,2
789,SOPWMAI12AB01831C2,12
790,SOPYIJT12B0B80BA6D,3
791,SOQACEU12A58A78E0D,1
792,SOQAJHW12AB0186004,1
793,SOQAQYN12A58A7B08D,3
794,SOQEFWR12A8C137A34,1
795,SOQHHBY12A8C13336B,3
796,SOQIHFL12A58A79480,2
797,SOQISNQ12A8AE45F4C,9
798,SOQJAUN12A6D4FA162,11
799,SOQJKGN12A8C1425B5,2
800,SOQJLWB12A6701E7B3,3
801,SOQLDTI12AB018C80A,2
802,SOQMRTC12A8C13B091,5
803,SOQNPEO12AB018780D,1
804,SOQOXDM12A8C137FB0,2
805,SOQRHIX12A6701F955,1
806,SOQSPDJ12A58A7EC6E,1
807,SOQTCHH12A6D4F5AAD,18
808,SOQTPLM12B0B809575,1
809,SOQUQOK12A8AE47F95,1
810,SOQWSHS12A6701C576,2
811,SOQZBYZ12A6701E7B0,2
812,SORAQKI12A8C135DE9,3
813,SORBGJQ127D9764932,1
814,SORBYRY12A8C139616,1
815,SORCODJ12A6D4F5F1C,1
816,SORDUSQ12A6D4F5D47,1
817,SOREBOB12A6D4F7986,2
818,SORFFOI12A8C135E10,2
819,SORGOJJ12A6D4F8597,2
820,SORHJAS12AB0187D3F,6
821,SORIFLJ12A81C23948,3
822,SORJOVT12AB018C4B4,5
823,SORKDWS12A6701E6D9,4
824,SORKVID12A6D4FC6D2,8
825,SORKZFB12A6D4FCABC,2
826,SORQVPO12AF72A690C,3
827,SORRCNC12A8C13FDA9,1
828,SORVYXQ12AB018C994,1
829,SORYTPO12AB0183974,4
830,SOSCNTQ12B35058813,3
831,SOSDUAW12A8C13BA7D,1
832,SOSEBVP12A6D4F9CBB,1
833,SOSFZBK12A8C137A1E,4
834,SOSGRIV12A6D4F5DC4,1
835,SOSJCNH12A81C23945,2
836,SOSJDQJ12A8C13D4A9,5
837,SOSJSCF12A8C13B9D3,1
838,SOSKKUE12AB0180108,1
839,SOSLEFC12A6D4FC740,1
840,SOSLQZV12AB018C818,2
841,SOSMMEW12A8C134F96,1
842,SOSNUDO12AB0181485,1
843,SOSOHQJ12A6D4F97A3,1
844,SOSQQGF12A6310F0FB,2
845,SOSTULZ12AAF3B4683,1
846,SOSVPIE12A6D4FA873,5
847,SOSVQNK12AC468D6BE,2
848,SOTARUJ12A8C13B0DA,5
849,SOTBZAY12A58A7EEF5,1
850,SOTCMDJ12A6D4F8528,14
851,SOTDIMP12AB01821E8,1
852,SOTDKEJ12AB0187AAA,6
853,SOTEPSZ12AB018C99D,1
854,SOTIDKX12A6D4FA7EA,2
855,SOTIVDJ12AF72A9442,4
856,SOTMFRY12A8C13C8A2,2
857,SOTORXA12A58A79338,15
858,SOTQUEC12AB01877F8,1
859,SOTRQEJ12AF72A45D7,2
860,SOTVQBZ12A8C13B0E7,4
861,SOTXSMC12AB0182217,1
862,SOTYLCV12A8C143772,3
863,SOUCKDH12A8C138FF5,2
864,SOUEEWG12A8C139E61,1
865,SOUKFXO12A8C1383BE,1
866,SOUNJIO12AB0181339,1
867,SOURYDB12A8C135A6A,1
868,SOUSAXA12AF72A73F5,4
869,SOUSJNT12A67ADE72B,2
870,SOUSMNI12A8C136F4F,2
871,SOUTGUB12AB017DC5B,2
872,SOUZBUD12A8C13FD8E,1
873,SOVBJIV12A81C22366,1
874,SOVDLZN12AB0185BEA,4
875,SOVEFXA12A58A7942A,3
876,SOVFNKP12A81C2177F,5
877,SOVHPUT12A81C22A56,4
878,SOVIFRY12AB017B114,4
879,SOVJFSL12A58A7F6A4,2
880,SOVLDZB12A81C206F5,1
881,SOVMKIC12AF72A05CC,1
882,SOVOKGC12A58A7DF6B,8
883,SOVPVKH12A8C133388,1
884,SOVQJWS12A58A7814B,2
885,SOVQTBU12AF72A6675,1
886,SOVRTPN12AB0184F9E,3
887,SOVSCKX12A8C13D3E1,5
888,SOVUBST12AB018C9A4,1
889,SOVUGCB12A8C131B45,4
890,SOVVJEU12A8C133F33,2
891,SOWAVQV12A58A7BBEF,2
892,SOWDCWA12AB01896C3,1
893,SOWEJXA12A6701C574,10
894,SOWFIFP12A8C13A9EE,6
895,SOWGZIE12A6D4FC6F2,8
896,SOWIEKS12A8C136EC3,1
897,SOWJYKK12A8C13286A,1
898,SOWKLEE12A81C232AC,3
899,SOWKUZM12A67AE0D37,7
900,SOWMGHQ12A6D4F914D,6
901,SOWNVRT12AB0188CA6,1
902,SOWSAVT12AB0186103,2
903,SOWSTXX12A6D4FA5B4,3
904,SOWTXCC12A8151B85A,2
905,SOWUVGC12A8C1412E1,1
906,SOXAFPJ12A8AE48C59,1
907,SOXBQAU12A8C13E9A5,1
908,SOXCUHM12B0B8092BB,2
909,SOXDHVL12A6D4FBBE7,8
910,SOXFANL12A6310F1B5,1
911,SOXFTPU12A81C2150E,7
912,SOXILLO12A6310F1B6,3
913,SOXLKBQ12A8C131B17,2
914,SOXLSBV12AB018397A,1
915,SOXNMPK12AF72A3E45,1
916,SOXYPGW12AB018C806,2
917,SOXZCIH12A8C1425F0,2
918,SOXZMNC12A8C135DD5,2
919,SOYEVUY12A8C145F58,1
920,SOYEWFR12AB0189AB6,1
921,SOYFUMR12AB0183F0B,1
922,SOYHTAT12A81C23955,1
923,SOYHTJQ12AB0183840,1
924,SOYIRPZ12A6D4FCAB0,16
925,SOYIWVC12A8AE47F31,1
926,SOYJJRX12A8C137A0F,5
927,SOYLDJC12A6701E2FF,1
928,SOYLLGK12A81C217A1,5
929,SOYNOQQ12A8C136127,4
930,SOYOGWU12A8AE481A6,3
931,SOYPJMP12AF72A901D,1
932,SOYRHNG12A8C14002E,1
933,SOYVSHP12A6702016E,2
934,SOYYYFE12A81C2395E,1
935,SOZHUUI12A6701D7B6,2
936,SOZJHUF12A8C13E642,5
937,SOZJWDN12A8151B851,2
938,SOZNZGG12AB018305A,2
939,SOZOEYP12AB0188C9D,2
940,SOZORGY12A8C140382,1
941,SOZQWVW12A6310F203,1
942,SOZUNWX12A81C221F3,2
943,SOZUPDR12A8C137FB6,1
944,SOZWBVE12AAF3B515C,6
945,SOZXEZV12A6D4F737F,9
946,SOZYBGN12A8C13A93C,6
947,SOZYDZR12A8C13F4F0,2
948,SOZYOMV12AB01861BC,1
949,SOZYPRF12A6310F1B4,2
950,SOZZIOH12A67ADE300,2
951,SOZZPSS12A6D4F3C71,16
952,SOZZYAO12A6701FF36,1
953,SOACHXA12A58A7BE3E,1
954,SOARNMW12A8C14093C,1
955,SOBEZLZ12A8C1421BC,1
956,SOCNAPQ12AAA15EE26,2
957,SODHFCC12A58A7B15B,1
958,SODYMSQ12A58A790AD,1
959,SOISSYK12A6D4F78A8,1
960,SOKAYUX12AB01835F6,1
961,SONYFNI12AB0185B47,1
962,SORDUDS12A8C145251,1
963,SORSIVK12AF72A1348,1
964,SOTYAJM12A6D4FD0EE,1
965,SOWXDVT12B0B80BFA3,1
966,SOXHUEV12A6D4FD0F0,1
967,SOXMXWE12A6D4FB2FD,1
968,SOAHWNA12A8C14135A,1
969,SOATRBT12A67020A62,4
970,SOAUQTR12A67020A68,3
971,SODXKQJ12A6D4F886C,5
972,SOEABHG12A8151BA59,1
973,SOHTUMP12A67020A65,2
974,SOJOZVB12AF729D046,1
975,SOKHWZT12A58A7F198,2
976,SOKPODE12A67020A64,2
977,SOKWGHV12A67020A67,3
978,SOKYHYL12A8C13D79D,1
979,SOPLAHG12A67020A66,6
980,SOQEBHS12A6D4FCB47,1
981,SOQMWST12A81C222CA,1
982,SOQSGRF12A58A7A3AF,1
983,SOSENYY12AC468B565,1
984,SOTQMZA12A58A7A9ED,2
985,SOVCLFP12A67020A69,1
986,SOYSYNY12AB017C118,1
987,SOBUEGC12AB018E193,1
988,SOGWZIM12AB018A946,1
989,SOHTVHX12AB01838EA,1
990,SOHWXEU12A8C1320D1,5
991,SOJGCZF12A6D4FB17A,1
992,SOKYRPO12A6D4FA50A,2
993,SOOASTI12A8C14307D,6
994,SOODIPR12A6D4F9C44,1
995,SOOIKKF12A8AE4697E,1
996,SOXLUNQ12A6D4F7735,1
997,SOZYQIH12AB01844BB,1
998,SOAIQYM12A6701F507,1
999,SOAMXZA12A6D4F6B18,1
1000,SOAOOJK12A8C144AA2,2
1001,SOAOQAE12AB018263F,1
1002,SOAOSNO12A6D4FA76F,3
1003,SOAPLOI12AB018CCF4,1
1004,SOAVCHX12A6D4FA7B6,1
1005,SOAVLJR12AC46883DC,1
1006,SOAVYHI12A6D4F766A,5
1007,SOBAHZM12AB018D0A2,1
1008,SOBBHQG12A58A7ADC6,1
1009,SOBCGTF12A6D4F801C,1
1010,SOBFVFT12AB017C901,1
1011,SOBGJBA12A6D227291,1
1012,SOBHDCI12A8C136941,1
1013,SOBKTWJ12A8C143848,1
1014,SOBKXDF12A67ADF7EC,1
1015,SOBNXJY12A8C13E070,1
1016,SOBPFXJ12AB018D03F,1
1017,SOBYKVE12AB017E275,1
1018,SOCATVQ12A8AE46CF4,1
1019,SOCBBGJ12AF72A0922,2
1020,SOCBWRP12A8C1311DB,1
1021,SOCDXUG12B0B8064EA,1
1022,SOCGWBZ12A8C14034C,5
1023,SOCONZX12A8C13F7BC,18
1024,SOCSPSJ12A8C1372B9,2
1025,SOCTOZW12A8C13AE90,4
1026,SOCTTOR12A81C21D45,1
1027,SOCYGFQ12A8C13C65B,1
1028,SODCVNH12AB0184F61,1
1029,SODEIFT12AB0189E54,1
1030,SODJMIP12A8C14007C,1
1031,SODKCQF12A8C140133,2
1032,SODOTJS12A8C140C18,1
1033,SODPJPY12A58A7D3EA,1
1034,SODSYRW12A8C143FCF,5
1035,SODUQLE12AF72A0F05,1
1036,SODVFTQ12A58A7AC45,1
1037,SODVWOV12A6D4FB6D2,1
1038,SODWZZQ12A6D4FA7B7,1
1039,SODXDOO12A8C139A2E,1
1040,SOEAYZK12A58A804A8,1
1041,SOEDSYM12A58A76B62,1
1042,SOEDTDL12A6D4FA022,1
1043,SOEGXLI12AB018A228,10
1044,SOEJNVA12A67AE225C,1
1045,SOETKSY12A8C13C666,1
1046,SOEUDBC12A8C140BEA,1
1047,SOEVYQI12A8C139D04,1
1048,SOEXVOV12A8C142C54,1
1049,SOFFJBN12A8C13C1AE,2
1050,SOFIVRZ12AB0182207,1
1051,SOFKBMJ12AB0184258,1
1052,SOFKQAW12A8AE45850,1
1053,SOFLOUP12A58A78897,3
1054,SOFNFOJ12AB0186D69,1
1055,SOFPNOY12A8C134D40,9
1056,SOFQMHG12A6701E781,1
1057,SOFQPDW12AB018B3BE,1
1058,SOFTJQB12A8C144856,5
1059,SOFVGPP12A8C141FA6,1
1060,SOFVSYJ12A58A793EB,1
1061,SOGAUJB12A8C13BD05,3
1062,SOGBOZK12A6D4F6ADF,1
1063,SOGELSC12AB0189300,5
1064,SOGIVSP12AF729A146,1
1065,SOGKVDY12A8C1427ED,1
1066,SOGKYQK12A67ADA292,1
1067,SOGMUME12A8C143E83,1
1068,SOGOJAC12A8C134D32,2
1069,SOGOJRO12A6D4F6FB7,1
1070,SOGOLRD12A6D4F89E9,1
1071,SOGVNFY12A6D4FC651,1
1072,SOHGJRQ12AB018CD0C,1
1073,SOHGYWI12A67ADCD65,5
1074,SOHILNH12A6701E1C3,1
1075,SOHKKFX12A58A7975B,1
1076,SOHKYPZ12B0B80758A,3
1077,SOHNFBA12AB018CD1D,1
1078,SOHNGXJ12AB018533F,1
1079,SOHQIFS12AF72A4E28,1
1080,SOHTKZE12AB017CB68,1
1081,SOHTPUE12A6D4F9C58,1
1082,SOHWMPM12A679D8AEA,5
1083,SOIAIVS12A8C137973,1
1084,SOIBYJC12AB017C771,1
1085,SOICAZH12A6D4F9864,1
1086,SOIOHLX12A6702162F,2
1087,SOIPYDT12A6701F992,5
1088,SOIRUXQ12A8C133060,10
1089,SOISCBM12AB017CB19,1
1090,SOISJAK12A8C142C4B,1
1091,SOITKIV12A67ADBF39,1
1092,SOIUHNZ12AF72ADA80,1
1093,SOIUVYE12A6D4FA66E,1
1094,SOIWHGV12AB018472C,1
1095,SOIWULR12A6702162B,1
1096,SOIYBET12A8C13D69D,1
1097,SOJAESE12A8C139DEA,1
1098,SOJBIOR12AB0181FA7,1
1099,SOJBZVF12AC3DF5728,1
1100,SOJDCEE12A6701C5B3,5
1101,SOJILUX12A81C202FD,1
1102,SOJLKYA12A58A7AB67,3
1103,SOJOFMD12A6D4F84A4,1
1104,SOJTDUS12A6D4FBF0E,12
1105,SOJVQGU12A67ADD4EF,1
1106,SOJXVIA12A6D4F5D53,2
1107,SOKCOPR12A6D4FC3BD,1
1108,SOKGSJD12A58A799F4,2
1109,SOKHZWA12A8C13672E,7
1110,SOKLVBQ12AF72A2BE6,1
1111,SOKRAHZ12A8C13F438,1
1112,SOKWDJM12A8C142CF7,1
1113,SOLHBZN12AF72A7F25,1
1114,SOLJYFD12AB0185347,1
1115,SOLKKUC12AB01846F4,2
1116,SOLLWLW12AB018A77E,1
1117,SOLPAZM12A58A7D4FE,1
1118,SOLWOAA12A8C136138,1
1119,SOLYVPG12AB0185318,1
1120,SOLZKLE12AF729F385,2
1121,SOMKQUD12A8C144676,1
1122,SOMLSMH12A6310DF24,2
1123,SOMMUEG12AF729B982,1
1124,SOMUYJI12A8C13AE71,1
1125,SOMZTQK12AB0181068,1
1126,SONDZIG12AB0184B6B,1
1127,SONHNGZ12AB017DD0E,2
1128,SONMNYH12A8C131C99,1
1129,SONNSYV12A8C146BEC,9
1130,SOOEEPE12A8AE459A4,2
1131,SOOEZZJ12A8C13133D,1
1132,SOOHOEG12A8AE474EA,1
1133,SOOLWEJ12AB0186DA4,5
1134,SOOQCAG12A67ADE6DD,2
1135,SOOYJOK12A6D4F9FCD,1
1136,SOPCQRT12A8C13B15D,1
1137,SOPCYXP12A58A75EB1,1
1138,SOPUEPC12AF72A3AE3,1
1139,SOPYRES12A6D4F5DD0,1
1140,SOPZIQE12A8C142C77,1
1141,SOQDADR12A6D4F99C6,1
1142,SOQLHFS12B35058AB4,1
1143,SOQLLQI12A8C137FF2,1
1144,SOQNLFB12A58A77992,1
1145,SOQQCTH12A6D4FB018,1
1146,SOQSHGU12AB0186E71,1
1147,SOQTHZW12A8C1400F8,1
1148,SOQVKDH12A8AE450EF,1
1149,SORASHE12A6D4FA7B8,1
1150,SORCGOJ12A6D4F792A,2
1151,SORIQSX12A8AE48E21,1
1152,SORJKSL12AB017D9F4,1
1153,SORLVZE12A67ADBF3C,3
1154,SORLWFF12A6701F2CE,6
1155,SORWPCP12A8C13B9D8,2
1156,SORZHCA12AB01846E3,1
1157,SOSAZBH12AB017FFA0,1
1158,SOSFVDJ12AB017D672,7
1159,SOSPMSN12AB0184709,2
1160,SOSSOUW12AF72A194A,1
1161,SOTIQMD12A6D4FDC9C,1
1162,SOTJOXG12A6D4F9FB5,1
1163,SOTOESM12A6D4F84A1,1
1164,SOTPIVG12A8C140142,1
1165,SOTRELQ12AB01871C9,2
1166,SOTUETB12AB018CD36,1
1167,SOTVLQY12A58A798C2,12
1168,SOTYSZR12A6701F2CD,1
1169,SOUCBBI12A58A7A7C9,1
1170,SOUHKQF12AF72A4702,1
1171,SOUIIWR12AF72A7A9E,6
1172,SOUIPIF12A8C135E49,1
1173,SOUQQWB12AB01828AB,1
1174,SOURJIK12A8C138182,1
1175,SOUVWFW12AB017E894,1
1176,SOUZDWT12B0B80BC62,1
1177,SOVGWOO12A5891F805,1
1178,SOVHFYT12AB0185349,1
1179,SOVHNXN12A8C13DC0B,3
1180,SOVKYJD12A6D4F921B,5
1181,SOVMOIY12A67ADF6C2,1
1182,SOVMWAU12AB018E8A7,1
1183,SOVMZQA12AB018152C,1
1184,SOVOKKT12A6701E1C8,1
1185,SOVRMXY12A8C131A42,1
1186,SOVUEJX12A6D4F79C4,3
1187,SOVXYKD12AB01803AB,1
1188,SOVZRJK12A8C139250,7
1189,SOWAEQM12A8C1311D0,1
1190,SOWFJLX12AB0183EE2,5
1191,SOWNRRW12A58A801BA,1
1192,SOWTORN12A8C142DA1,1
1193,SOWTUPK12AB0185341,1
1194,SOWYRZV12AF72A23E6,1
1195,SOXACAO12A6D4F8F0A,1
1196,SOXCNQS12A81C22CFE,1
1197,SOXCVYM12A8C141259,1
1198,SOXESHG12A6701F2CF,6
1199,SOXEUCX12AAA15D142,1
1200,SOXHDBW12A58A77C4C,2
1201,SOXPRHG12AB018D091,1
1202,SOXPSQL12A8C13F939,1
1203,SOXSONB12A8C13B013,1
1204,SOXTMZY12AB01866D5,2
1205,SOXUHJN12AB01827F7,1
1206,SOXUNAQ12AB017DB38,2
1207,SOXVXDS12AF72A4704,5
1208,SOYIECE12A8C142C48,1
1209,SOYJPKO12A8C134151,1
1210,SOYSSSK12A8C13BC34,1
1211,SOYTHKN12AB01871C7,1
1212,SOYZEYZ12A8C1408A0,1
1213,SOZBMCG12AB018B3D5,1
1214,SOZCPYM12AB01871D3,1
1215,SOZUKLS12A8C140BF2,1
1216,SOZVPEG12AB017FC25,1
1217,SOABJBU12A8C13F63F,1
1218,SOCKSGZ12A58A7CA4B,8
1219,SOCLMAD12AB017FC09,1
1220,SOERYLG12A6701F07F,2
1221,SOFEGST12A58A7D682,1
1222,SOGTDJQ12A8C13324F,5
1223,SOJNNJQ12AB018697A,1
1224,SOKUTUM12A6701D9CD,2
1225,SONEWAX12AB018DD3F,4
1226,SOOYDAZ12A58A7AE08,5
1227,SOPPROJ12AB0184E18,4
1228,SOPQLBY12A6310E992,7
1229,SORBBFV12AB017D710,3
1230,SOSZJFV12AB01878CB,8
1231,SOTKYBW12A8C13C3EA,4
1232,SOWOMMY127F8096DF9,7
1233,SOXPFLM12A8AE48C50,8
1234,SOXWYZP12AF72A42A6,4
1235,SOYGHUM12AB018139C,4
1236,SOYMIMI12AB0181E5C,4
1237,SOAWHRU12A67AE226D,18
1238,SOBTFKO12A8C1334D3,3
1239,SODHVES12A6701CE6B,4
1240,SOGKEGN12AB0185355,26
1241,SOHMTUC12A58A799D4,2
1242,SOLXYFV12A8AE45FE3,16
1243,SOQCKIZ12AB018BF96,1
1244,SOUIKSL12A6701D19A,12
1245,SOVIIBB12AC3DF7EF6,2
1246,SOWHSGK12A6D4FC429,19
1247,SOYJHWK12AB01894C4,2
1248,SOANRRH12AB01861EB,1
1249,SOAQNRN12AF72A7E50,1
1250,SOAVWHY12AB017C6C0,1
1251,SOAWWJW12AB01814F5,1
1252,SOBBJKR12A6D4FA788,1
1253,SOBGTQB12AB018154A,6
1254,SOBSLVH12A8C131F38,1
1255,SOBXWKW12A8C13CD67,1
1256,SOCRFPY12A8C134E04,1
1257,SOCRHFJ12A67021D74,1
1258,SODCADR12AF72A1A99,5
1259,SODJDHK12AB0181540,1
1260,SODLAPJ12A8C142002,3
1261,SODLYRF12AB01861E0,1
1262,SODOFPK12A6D4F998D,1
1263,SOECCQW12AC468675B,1
1264,SOEGDXK12A8C13B9A8,1
1265,SOEMUXL12A58A7B848,1
1266,SOETQJP12A6D4F6731,1
1267,SOEWNJA12A67AE110B,1
1268,SOEXDOR12A8C13C52E,1
1269,SOFBFVG12A6D4F61A7,3
1270,SOFJAJP12AB0181E62,1
1271,SOFLLNJ12A6D4FA78A,1
1272,SOFOGFW12AB0182251,1
1273,SOFSIKY12AF72A0807,1
1274,SOFVIKA12A8C140B38,1
1275,SOGJPCI12A6D4F61A8,1
1276,SOGNEOX12A6D4FAC39,1
1277,SOGWUHI12AB01876BD,1
1278,SOHFFVC12AB0184DDB,1
1279,SOHFNKO12AB017C772,1
1280,SOHRRNF12A67021D70,1
1281,SOHTZUF12A8C13582B,1
1282,SOIEVTM12A67021D72,1
1283,SOIJMKX12B0B8086A9,1
1284,SOIOTAC12AB0181E7D,1
1285,SOIXXSG12A8C13C400,1
1286,SOJCAVK12A8151B805,1
1287,SOJEVHC12A8C13C3E5,1
1288,SOJGSIO12A8C141DBF,1
1289,SOJKOAI12A6D4FA79C,1
1290,SOJMUUU12A8C137A4F,1
1291,SOJNHAY12B0B80C22C,1
1292,SOJYVPY12A8C1442FA,1
1293,SOKAFRQ12AB017F64E,1
1294,SOKSLXL12A8C13F0D7,1
1295,SOKUECJ12A6D4F6129,1
1296,SOKUWEV12A8C13BBEB,1
1297,SOLKONH12A6701F119,1
1298,SOLQXDJ12AB0182E47,1
1299,SOMCXHR12AB018A2FB,1
1300,SOMJCOG12A8C143C30,4
1301,SOMJNSF12A8C139BFB,1
1302,SOMNOZB12AB0181E7A,1
1303,SOMPFGH12AF72ABEFA,1
1304,SOMSKIL12AF729AEB0,1
1305,SOMXPHT12AB0182BE7,1
1306,SOMYODU12AB017D9E9,1
1307,SONAZWN12A8151C957,1
1308,SONGMSX12AB018339C,5
1309,SONPLGE12A6D4FB020,1
1310,SONVJUL12A6701FB7A,1
1311,SOOBGSW12A6D4F9D51,1
1312,SOOFXQL12A8C13CF92,1
1313,SOOHERZ12A8C13EFA7,1
1314,SOONUTJ12A6701D7B4,1
1315,SOQJNKS12A6D4FBF52,1
1316,SOQQQMM12A6310DFCC,2
1317,SORALYQ12A8151BA99,3
1318,SORBBBU12A8C141510,1
1319,SORBIXR12A6D4F9EE0,1
1320,SORCHJN12AB0181502,2
1321,SORFVMQ12AB0184135,1
1322,SORWBEB12A58A78BF8,1
1323,SORXMNW12A58A7D198,14
1324,SOSBNIU12AB017CFEB,1
1325,SOSCIZP12AB0181D2F,8
1326,SOSDATG12AB018A8F1,1
1327,SOSDTGC12AF72A2BC3,1
1328,SOSEKZA12A8C13FF24,1
1329,SOSWFQB12A67AE021B,1
1330,SOSXTPK12A6D4FBFFB,1
1331,SOTEBVQ12A8C13B190,1
1332,SOTEGLJ12AB0185DA5,1
1333,SOTNCZU12A8C13EDC8,1
1334,SOTTEVR12A8AE47116,1
1335,SOTTQAF12A6310F21D,1
1336,SOTZMQF12A67021D77,1
1337,SOUACXK12A8C1437B3,4
1338,SOUAOZT12AB0184B11,1
1339,SOUKMKR12A8C141925,1
1340,SOUOEMP12A8C13866E,3
1341,SOUXFVB12A8C1416D5,1
1342,SOUXNNU12A67020A48,1
1343,SOVFEHL12B0B807366,1
1344,SOVIUZY12AF72AB1D2,1
1345,SOVVUFH12A8C1376B2,2
1346,SOVWADY12AB0189C63,3
1347,SOVXARL12A670203C7,1
1348,SOWDJEJ12A8C1339FE,1
1349,SOWDRRZ12A8C13AE89,1
1350,SOWGEWN12A6D4F789B,1
1351,SOWLIHS12A8C1437AC,5
1352,SOWPASM12A8C142B88,2
1353,SOWPZWC12A6D4FA611,1
1354,SOWTICW12A6D4FB01C,1
1355,SOWUEQA12A8151BA81,1
1356,SOXLKNJ12A58A7E09A,1
1357,SOXQYSC12A6310E908,5
1358,SOXRXKY12A8C13C48E,1
1359,SOXVDLR12AB01896CA,1
1360,SOXVSNB12A8C141A66,7
1361,SOYMQKD12A6310D7EB,1
1362,SOYUPVH12A6310DBBF,1
1363,SOZAPQT12A8C142821,1
1364,SOZBGPI12AB018A2DA,1
1365,SOZGOFA12AB0182B23,1
1366,SOZOIUU12A67ADFA39,2
1367,SOAFPPR12A8AE46454,7
1368,SOAJIXC12AB0183243,1
1369,SOAMTJF12A6D4F76CC,1
1370,SOCZOOF12A6D4FA579,1
1371,SOEWPZY12A6D4FB168,1
1372,SOEXOAH12A81C20728,2
1373,SOFPXXK12A6D4FA1D9,15
1374,SOFXYAT12A8AE465EF,1
1375,SOGRAGZ12A58A7ABEE,1
1376,SOHPZJK12AB018AF87,1
1377,SOHVYQD12A6D4F7791,1
1378,SOIZLKI12A6D4F7B61,4
1379,SOLCCCU12A58A7FBD9,1
1380,SOLFUPR12A6D4F9A3D,5
1381,SOLOMLT12A6BD548D7,1
1382,SOLWHSJ12A67AE227B,4
1383,SOMAKEB12A8C1322D2,5
1384,SOPVJNI12A81C219B9,1
1385,SOVERPW12A81C219CE,3
1386,SOVKSNI12AB018A15B,1
1387,SOXACZF12A6D4FB153,2
1388,SOXMMCO12A6D4F778F,1
1389,SOYCYVS12A8C13F107,3
1390,SOYYFLV12A58A7A88F,1
1391,SOZATKE12A6D4F5915,1
1392,SOBSJEO12A8AE46C88,2
1393,SOCKEDZ12A6D4F6F09,1
1394,SOECVEZ12A6D4F6F06,1
1395,SOFLLDL12A8C13A1F9,1
1396,SOQFYBZ12A6D4F73A1,1
1397,SORKKVL12AB01842E5,1
1398,SORNHEI12AB01859E3,1
1399,SOUNNWW12AB018795D,17
1400,SOZKNSB12A8C140F11,2
1401,SOAXAPU12A67020EF9,5
1402,SOCBYNH12AB01817F5,1
1403,SOCXBTX12A8C132F5A,1
1404,SOEEYNQ12A8C132864,2
1405,SOEFFQG12A8C14094F,1
1406,SOEGOAB12A8C13BAE4,1
1407,SOETHQM12A8C1366A9,1
1408,SOETMYW12A6D4FD28B,6
1409,SOFMTKF12AB01879CB,5
1410,SOHMLNS12A58A7DA68,1
1411,SOIJWTX12AB017BC6C,5
1412,SOJCLYS12A6D4FB9F9,1
1413,SOKXASE12AC46894BD,1
1414,SOLKQFY12AF72A4DE3,1
1415,SOLTAVH12AC468D155,1
1416,SOMEKIN12AC46894EA,1
1417,SOMOANH12A6D4F7A56,5
1418,SOMWBDZ12A8C135260,1
1419,SONRPMK12AC468D170,1
1420,SONZMEO12AF72AA717,1
1421,SOPVSPG12AB0189856,1
1422,SOUELOC12AB0182DD1,2
1423,SOUXBNY12A8C13BADB,2
1424,SOVHDQC12A8C13D868,2
1425,SOVVHNI12A58A7F661,1
1426,SOXOJHJ12AF72A4ABD,2
1427,SOXPZKE12A6D4F93C9,1
1428,SOYDKBT12AB017BD24,2
1429,SOYIYRI12AC468D179,1
1430,SOYNENM12AC46894D5,1
1431,SOAOFYK12AB0184C23,2
1432,SOAOQSY12A8C139550,1
1433,SOBWSGV12AB018B5E0,6
1434,SOCOYYL12A3F1ED352,2
1435,SOEDRHH12A6D4FAD71,11
1436,SOEHWGF12A6D4F8B2B,4
1437,SOGCWZS12A6701FCAC,4
1438,SOGXETP12A8AE45AA1,4
1439,SOINOIM12A6D228326,1
1440,SOIWMSB12AB0184C1E,3
1441,SOJDJPF12AF729D6F4,1
1442,SOJMPNJ12A58A7C164,8
1443,SOJSEEA12AB0181F6D,2
1444,SOKDVQC12A8C13DFC8,2
1445,SOLJFOJ12AB0184C30,2
1446,SOLOMQJ12A58A78C63,5
1447,SOLRGNF12AB0187CF4,4
1448,SOLXUHJ12AB017F3D5,6
1449,SOMEUED12A6701DBEA,10
1450,SOMLQGF12AB0184C2A,2
1451,SONDMSU12AB0184C26,2
1452,SONSOGK12A6D4FDC69,2
1453,SOOANGH12A67AE0D11,1
1454,SOPBRJY12AF72A4440,5
1455,SOPUJGO12AB017CE27,2
1456,SOQWVWY12A58A7F9F5,1
1457,SORMGEO12A8C14406D,5
1458,SORQVAG12A8C13109B,1
1459,SORZVNN12AB0184C36,2
1460,SOSGVES12A8C13D1BD,2
1461,SOSKUNL12AB0184C3D,2
1462,SOSNVRF12AF729F97F,8
1463,SOUMLUJ12A8C139FB9,1
1464,SOUZHHG12A58A7B4F5,1
1465,SOWKQYL12AB0183B15,12
1466,SOXFIHR12AB017BAF8,4
1467,SOZNUNA12A6701FCC7,2
1468,SOAPJZQ12AB017C827,1
1469,SOBTBUM12A8C13C326,5
1470,SOCAABG12AB018CB14,3
1471,SOCVQOW12A8C13B136,5
1472,SODBSUF12A8C141975,11
1473,SOEGITU12A6D4F5B1A,5
1474,SOFSCTZ12A6D4F992B,4
1475,SOHYTES12AB017D997,1
1476,SOIBVZP12A8AE47758,4
1477,SOIIJZW12A6D4F6299,5
1478,SOINIUZ12A67ADF6D8,5
1479,SOIQIYD12A6D4F716D,5
1480,SOKDUCK12A58A791FC,8
1481,SOLCCSB12A6D4F6CD3,3
1482,SOMDSGU12A8C13CA3B,5
1483,SOMEDGV12A8C13F9D1,4
1484,SOMTERR12A58A7E142,2
1485,SOQJAJS12A8C139901,6
1486,SOQQPLB12A58A7D883,1
1487,SORWULZ12A6D4F5B1E,5
1488,SOSKKVC12A58291BFE,6
1489,SOTGNZG12A6D4F4ABE,5
1490,SOTYAZQ12A8C140FDE,5
1491,SOUVGVC12A58A79ED8,6
1492,SOVHRXT12A8C1421D1,4
1493,SOYBHPX12A8C13B0A9,6
1494,SOABULH12A8C1331A4,1
1495,SOAFRYN12AAF3B1CB6,4
1496,SOARFBY12A8C137D2D,1
1497,SOBITIZ12A6D4F831F,3
1498,SOCCBTI12AB017CD00,1
1499,SOCDKEK12AB0183E15,1
1500,SOCUFXW12A8C13C240,1
1501,SODABFP12AB01845EC,1
1502,SODDSHS12AAF3B1D3B,2
1503,SOEWFHI12AB017D43A,1
1504,SOFDSQP12A8C142200,1
1505,SOFMJBD12A8C137D2E,1
1506,SOFOZKT12AB01875D5,1
1507,SOFSNOU12AAF3B1CAA,3
1508,SOFZSFL12A6D4FB086,1
1509,SOGRYJV12AB017D443,1
1510,SOGXZSY12AB0182FDE,2
1511,SOHYFCU12A8C1339ED,6
1512,SOHYRWW12A6D4F7A41,1
1513,SOIOSMN12AB018749E,1
1514,SOIPSJB12A67ADD6C0,1
1515,SOIQHZR12AB018C937,1
1516,SOJQFRW12AB0184BA8,1
1517,SOJXVPK12AB017FABF,1
1518,SOKBRAQ12A6D4F8FEC,5
1519,SOKNYPM12A6310E31A,17
1520,SOKPYML12A8C13CA2E,1
1521,SOKSVIL12AAF3B1D56,3
1522,SOLGNBX12AF72A7737,1
1523,SOLGPEM12A58A7E72D,1
1524,SOLRMER12AB0184B79,1
1525,SOLWTML12AAF3B1D31,3
1526,SOLWWYR12AAF3B1C99,3
1527,SOMIRRJ12A8C13FB51,8
1528,SOMRUQR12AAF3B1C7E,3
1529,SOMWTBQ12AB018C94D,1
1530,SONJDDJ12AB017CD0C,1
1531,SOOABBO12A6701DFDA,1
1532,SOOLJUA12AC468D252,1
1533,SOPELWX12AB017CCD5,1
1534,SOPGTDV12AB018C981,1
1535,SOPUKYJ12A8C134A66,1
1536,SOPVMKR12A8C135F77,2
1537,SOQDEWK12A6D4F5892,1
1538,SOQQCJF12A8C13CDFB,1
1539,SOQQYKH12A58A7F534,1
1540,SORQYLM12A8C132BCF,1
1541,SOSCUYV12A6D4F6FF4,1
1542,SOSJXGY12A8C13ABD0,2
1543,SOTIDZW12A6D4F7345,2
1544,SOTJTQI12A6D4F75A2,1
1545,SOTOJHW12A6D4FA145,1
1546,SOTOPHT12AB017CD17,1
1547,SOVLNXV12A6D4F706E,1
1548,SOVTFUO12A6310D813,1
1549,SOVUZLB12A6D4F6FF2,1
1550,SOWHTFY12A6702184E,2
1551,SOWNXSG12AB0183865,1
1552,SOWOMXK12A8C13D565,7
1553,SOWWJJC12AF72A27CF,1
1554,SOXDEDR12A8AE452CC,1
1555,SOXJUZL12AAF3B1D26,5
1556,SOXJYJM12A6310D7C1,1
1557,SOXYNAJ12AB017CCDB,1
1558,SOYLNOS12A6D4F8029,1
1559,SOYLTSU12A6701DA15,3
1560,SOZFVYJ12A8C1438F0,1
1561,SOZPGKX12AB0184B93,1
1562,SOZTIMI12A6D4FB8ED,1
1563,SOAPHQA12A6D4FB7DF,1
1564,SOAPLEG12AB017FBD0,5
1565,SOBBKGF12A8C1311EE,2
1566,SOBLQYI12AB018367E,1
1567,SOCLGEU12A8C146991,5
1568,SOCOVPL12A6D4FB7E9,1
1569,SODKCRX12AF72A059E,1
1570,SODLOYF12AB017BBCD,1
1571,SODWNPP12A58A79824,5
1572,SODYODA12A63110847,1
1573,SOEKRIT12A8C1462DE,2
1574,SOEMEBL12A6D4F6799,1
1575,SOEZAWL12A58A79A74,1
1576,SOFPJGB12A8C143EA1,1
1577,SOFXKBG12AF72A2EF9,1
1578,SOGAUIQ12A6D4F8262,1
1579,SOGGKKC12A6D4F7F80,1
1580,SOGHSUA12AB017F309,1
1581,SOGINCA12AB0184ACD,1
1582,SOGKPEE12A8C1423B9,5
1583,SOGRPHH12AF72A9FEC,1
1584,SOHGIBQ12AF72A83BB,3
1585,SOHUVDX12A8C137F41,1
1586,SOIAZTO12A58A7EAF3,2
1587,SOIHVXE12A58A75F7C,5
1588,SOITLCM12AC46856B3,5
1589,SOKBOTR12A67ADE318,5
1590,SOKHYCA12AB018D078,1
1591,SOKMSCV12A8C1436FB,1
1592,SOLIFHW12AB018A93E,1
1593,SOLIXJW12A58A79D02,1
1594,SOLLNMF12AB0180444,1
1595,SOLYWID12A6311082C,2
1596,SONIEQI12AF72A9822,1
1597,SONQSQQ12A58A79BDD,1
1598,SONTCHV12AF72A9F66,1
1599,SOOATDK12A8C136E31,1
1600,SOOFPDT12A58A778DD,1
1601,SOOFTQI12AB018520F,5
1602,SOONFXD12A8C13862F,1
1603,SOOQYFY12A6D4FB7E6,2
1604,SOOZWZF12A582913C6,1
1605,SOPCTRR12A8C13C82B,1
1606,SOPGQLP12A8C1462CB,1
1607,SOPOHOQ12A8C143708,1
1608,SOPRAYL12A8C13DF6D,1
1609,SOPSLWP12A6D4FE7DE,2
1610,SOQIDOO12A6701E06D,5
1611,SOQVFQZ12A8C13C727,1
1612,SORKLNO12A6D4F70D7,1
1613,SORNVSM12AB0179D54,1
1614,SORPAZI12A8C13EB5C,5
1615,SORQWBD12A58A79580,1
1616,SOSDFFJ12AB0185D3F,5
1617,SOSHYUS12A8C1462AF,1
1618,SOSJGZM12AF72A377E,1
1619,SOSJHBT12A6D4F8CCE,1
1620,SOSUDSA12A8C137FCA,1
1621,SOTFTTK12A8C12FC79,1
1622,SOTNUIS12A8C13A79F,2
1623,SOTYIMV12A8C133EA5,2
1624,SOTZHLC12A6D4FCE3F,1
1625,SOUGBIM12A6D4F8247,1
1626,SOUGLIK12A8C143DF4,1
1627,SOUHMAK12A8C1462A1,1
1628,SOUKNUM12A8C1462C3,1
1629,SOULIVW12A8C143917,1
1630,SOVEEGT12AB0180463,1
1631,SOVHCOR12AB0179D2A,1
1632,SOWBNGK12A8C143932,1
1633,SOWIYIB12A6310D89D,1
1634,SOXNSDK12A8AE46A28,1
1635,SOXZNQB12AB0181EC7,5
1636,SOYJXSQ12A8C13E595,1
1637,SOZIGJJ12A6D4F83D3,1
1638,SODEZUP12A6310D7E8,1
1639,SODWUBY12A6D4F8E8A,1
1640,SOIQXJH12A8AE46CF6,1
1641,SOLZEED12A6D4FA8C9,1
1642,SOMSQXY12A6310D81E,1
1643,SONXHLT12A8AE48546,1
1644,SOPBAZT12A6D4F8E88,1
1645,SOSIUBJ12A8AE48524,1
1646,SOWOAXK12A6310D81F,1
1647,SOXKFRI12A8C137A5F,1
1648,SOYQQAC12A6D4FD59E,1
1649,SOCQWMC12A8C1429D1,1
1650,SOCVBAZ12A58A81E30,1
1651,SOFFSOM12A6701E427,1
1652,SOGWIAD12AF72A7F7B,2
1653,SOHAGDI12A670207F5,1
1654,SOIQRSC12AB0185F9E,1
1655,SOJIPLZ12A6D4F6110,1
1656,SOKHTGU12A6D4F8A33,1
1657,SONKDCD12A81C22344,1
1658,SONUNBG12A6D4F4A25,1
1659,SORGVIG12A6D4F4A2B,1
1660,SORNJQU12AB01821FA,1
1661,SOSIITA12AB0183DAE,1
1662,SOWDEJT12A8C140F19,1
1663,SOYTRIT12AB0187039,2
1664,SOZEBAZ12AF72A80C8,1
1665,SOAGRPL12A6701F667,1
1666,SOBXWPJ12AB0184965,3
1667,SOCEWUG12A8C139075,2
1668,SOCPMIK12A6701E96D,1
1669,SODACBL12A8C13C273,4
1670,SOEBOWM12AB017F279,5
1671,SOFXKPM12A6D4F6BAA,1
1672,SOHJWLZ12A6D4F7756,2
1673,SOHNHEL12AF729E72D,2
1674,SOJBSRJ12A6D4F7D5F,1
1675,SOJJBVA12A58A78A79,1
1676,SOMHLHX12A58A7AA5B,1
1677,SOMNTXV12A58A7C422,2
1678,SOMSEEN12A8AE451DD,1
1679,SOMYXWV12A8C14232E,5
1680,SONPDZG12A8C13C098,2
1681,SOPHXDB12AB018017D,2
1682,SOQLUTQ12A8AE48037,4
1683,SOTQTRW12A58A7B996,1
1684,SOUGOHW12AB018AEA3,1
1685,SOUUOXQ12AB018B792,3
1686,SOUXEOI12A6D4FB18E,1
1687,SOADJQJ12A8C141D38,3
1688,SOALJAA12A6702085C,1
1689,SOAUFOF12AB0180C65,2
1690,SOBABSR12A58A7AD93,5
1691,SOBADEB12AB018275F,3
1692,SOBMRLL12AB0180760,1
1693,SOBNBZF12A8C14453A,1
1694,SOBPKPW12A6701E8F9,2
1695,SOBPQSZ12A6D4FACBB,2
1696,SOBRJNF12A8C13B63D,9
1697,SOBTVDE12AF72A3DE5,7
1698,SOCHYVZ12A6D4F5908,2
1699,SOCYOTN12A8C13A4B1,3
1700,SODCFRT12AF72A2C2C,6
1701,SODGJKH12AAA8C9487,3
1702,SODOWUC12AC9097E76,3
1703,SOEKSGJ12A67AE227E,6
1704,SOEYVHS12AB0181D31,4
1705,SOFKABN12A8AE476C6,3
1706,SOFKFXC12AC90732A5,5
1707,SOFKSOJ12A67020919,8
1708,SOFVZRE12A8C139783,2
1709,SOGBJTL12A6310E09B,7
1710,SOGCWUH12AC90732B0,3
1711,SOGPBAW12A6D4F9F22,3
1712,SOGPNGN12A8C143969,3
1713,SOGSAYQ12AB018BA14,3
1714,SOGWJEY12AC9618862,5
1715,SOHEMBB12A6701E907,4
1716,SOHJOLH12A6310DFE5,2
1717,SOHMLXY12A67020125,5
1718,SOHYSXA12AB0186704,3
1719,SOHZKTO12A8C1360AC,1
1720,SOHZPIK12A58A7CCAE,3
1721,SOIBLKQ12AB0183E85,3
1722,SOIDDNJ12AC9071B90,3
1723,SOIIOUS12A8AE47E20,2
1724,SOILFUU12AB017C75F,1
1725,SOJGSFH12AB017EFC2,1
1726,SOJOIKI12AB0187525,7
1727,SOKMHKY12AF72AB079,3
1728,SOKTGRH12A58A763DA,8
1729,SOKUAGP12A8C133B94,1
1730,SOKVMOU12AB0185E39,5
1731,SOLLNTU12A6701CFDC,3
1732,SOLWZVR12AB01849C6,3
1733,SOMBMGT12A8C136A39,1
1734,SOMGXRE12A6D4F9536,7
1735,SONHVVE12AB018D038,3
1736,SONIQRE12AF72A2B02,3
1737,SOOFTNW12AB017DB3E,5
1738,SOOGQTM12A6D4F8053,7
1739,SOOLULU12A6701FBC4,5
1740,SOOWVNN12A8C140775,1
1741,SOPAYPV12AB017DB0C,5
1742,SOPCTBB12AF72A1B64,2
1743,SOPISXG12AF72AA67F,6
1744,SOPREHY12AB01815F9,1
1745,SOPVQLJ12A67AE2281,6
1746,SOQGVCS12AF72A078D,1
1747,SOQLHST12AB0184A27,7
1748,SOQWYAQ12A6D4FB9A3,3
1749,SOQZOIE12AB01859CF,8
1750,SORCDPK12A679AE588,5
1751,SORQHYJ12A8AE4738F,4
1752,SOSPXWA12AB0181875,2
1753,SOSRIHB12A8C13608B,4
1754,SOSROFB12AAF3B4C5D,3
1755,SOTASGN12AC9075A8F,3
1756,SOTEGWG12AB01897AC,2
1757,SOTIYTD12A8C132AE3,1
1758,SOTNEEA12A6D4F7F8D,1
1759,SOUJVIT12A8C1451C1,6
1760,SOUSZSW12AB01800C2,3
1761,SOUZLXN12A6D4F4A66,1
1762,SOWCBKV12AC90732A6,3
1763,SOXAQJS12AB018CBF7,3
1764,SOXEGBZ12A679AE53D,7
1765,SOXFPND12AB017C9D1,3
1766,SOXQWUS12A58A7B236,11
1767,SOYGHOJ12A6701FFBA,2
1768,SOYGKNI12AB0187E6E,1
1769,SOYIOLG12A8C13E7FE,6
1770,SOYOXUC12A58A782DA,7
1771,SOYTCAF12A6D4F8049,7
1772,SOZDGEW12A8C13E748,2
1773,SOZEETS12AC9071BD3,3
1774,SOCHQJN12AC468834A,2
1775,SOCVGHP12AB017B751,1
1776,SOEABQQ12A8C140E1C,16
1777,SOEYHDL12AB0189C5E,4
1778,SOFMUIO12A8C1317C6,1
1779,SOGMBXD12A6D4F5920,3
1780,SOHYOMA12AF72AC2BE,1
1781,SOKIVON12A6701FBB5,1
1782,SOKTYWZ12A6D4F9766,1
1783,SOPCUJU12AB01849C9,3
1784,SOQGQXB12AB0182ED0,5
1785,SORAWSB12A6701FBC8,1
1786,SOREMHL12AB018E612,2
1787,SORVZLT12AB0189C7B,2
1788,SOSBEAB12A6D4FACF3,5
1789,SOSBQSS12AB0189C58,4
1790,SOSYKTA12AF72A3686,2
1791,SOUQFCH12AB0184983,10
